{
    "kp": 300.0,
    "kd": 10.0,
    "timestamp": "20250905_231818",
    "metrics": {
        "1": {
            "max_overshoot": 0.0037499075901822887,
            "rise_time": 9.5367431640625e-07,
            "settling_time": 9.5367431640625e-07,
            "steady_state_error": 0.0004990186489686854,
            "max_velocity_error": 0.5493913370843775,
            "rms_position_error": 0.0010187551999693524,
            "rms_velocity_error": 0.12078183327603534
        },
        "2": {
            "max_overshoot": 0.017449297717352152,
            "rise_time": 9.5367431640625e-07,
            "settling_time": 9.5367431640625e-07,
            "steady_state_error": 0.0010462747299131991,
            "max_velocity_error": 1.010784926339684,
            "rms_position_error": 0.0032462555841918637,
            "rms_velocity_error": 0.23387509337377152
        },
        "3": {
            "max_overshoot": 0.005027060934123695,
            "rise_time": 114.49348473548889,
            "settling_time": 9.5367431640625e-07,
            "steady_state_error": 0.0004819303687019261,
            "max_velocity_error": 0.5396539649141057,
            "rms_position_error": 0.0012721039773635112,
            "rms_velocity_error": 0.11559798223879042
        },
        "4": {
            "max_overshoot": 0.04833837391760387,
            "rise_time": 6.438693523406982,
            "settling_time": 9.5367431640625e-07,
            "steady_state_error": 0.001619349656556821,
            "max_velocity_error": 2.949653243180823,
            "rms_position_error": 0.008746538999357064,
            "rms_velocity_error": 0.6759390568264003
        }
    }
}