{
    "kp": 300.0,
    "kd": 50.0,
    "timestamp": "20250911_013130",
    "metrics": {
        "1": {
            "max_overshoot": 0.008219846762603171,
            "rise_time": 0.0024368762969970703,
            "settling_time": 7.152557373046875e-07,
            "steady_state_error": 0.0007032117048840061,
            "max_velocity_error": 0.5173518045003163,
            "rms_position_error": 0.0016018883343619044,
            "rms_velocity_error": 0.15071065213578705
        },
        "2": {
            "max_overshoot": 0.021083976013511307,
            "rise_time": 6.618724584579468,
            "settling_time": 7.152557373046875e-07,
            "steady_state_error": 0.008700195973033193,
            "max_velocity_error": 1.1421891549132346,
            "rms_position_error": 0.008309786063223717,
            "rms_velocity_error": 0.18147206551025816
        },
        "3": {
            "max_overshoot": 0.014381289327488389,
            "rise_time": 7.152557373046875e-07,
            "settling_time": 7.152557373046875e-07,
            "steady_state_error": 0.0004231586234330126,
            "max_velocity_error": 0.696238651102469,
            "rms_position_error": 0.0021315316705422123,
            "rms_velocity_error": 0.15244066826910543
        },
        "4": {
            "max_overshoot": 0.04711623689356692,
            "rise_time": 6.078356027603149,
            "settling_time": 7.152557373046875e-07,
            "steady_state_error": 0.0008802027722656814,
            "max_velocity_error": 2.679495284626274,
            "rms_position_error": 0.0063359311840725935,
            "rms_velocity_error": 0.4069764676058607
        }
    }
}