{
    "kp": 300.0,
    "kd": 10.0,
    "timestamp": "20250905_214931",
    "metrics": {
        "1": {
            "max_overshoot": 0.013842340513107898,
            "rise_time": 7.152557373046875e-07,
            "settling_time": 7.152557373046875e-07,
            "steady_state_error": 0.0008302231708731856,
            "max_velocity_error": 0.9610448099047904,
            "rms_position_error": 0.00372013323028515,
            "rms_velocity_error": 0.24318473382867298
        },
        "2": {
            "max_overshoot": 0.038541855397667746,
            "rise_time": 7.152557373046875e-07,
            "settling_time": 7.152557373046875e-07,
            "steady_state_error": 0.0028628148096523165,
            "max_velocity_error": 1.9222458106270142,
            "rms_position_error": 0.010702172030843475,
            "rms_velocity_error": 0.5673836635637652
        },
        "3": {
            "max_overshoot": 0.024316479712884975,
            "rise_time": 42.8145809173584,
            "settling_time": 7.152557373046875e-07,
            "steady_state_error": 0.0018436562294998104,
            "max_velocity_error": 1.0574539270157255,
            "rms_position_error": 0.004849556057696127,
            "rms_velocity_error": 0.23663942814603306
        },
        "4": {
            "max_overshoot": 0.09586422276150275,
            "rise_time": 6.430582284927368,
            "settling_time": 45.76471948623657,
            "steady_state_error": 0.0054021503357888885,
            "max_velocity_error": 5.429927758739991,
            "rms_position_error": 0.026326954134465865,
            "rms_velocity_error": 1.7865763388200315
        }
    }
}