{
    "kp": 300.0,
    "kd": 10.0,
    "timestamp": "20250910_001315",
    "metrics": {
        "1": {
            "max_overshoot": 0.016815561669464907,
            "rise_time": 9.5367431640625e-07,
            "settling_time": 9.5367431640625e-07,
            "steady_state_error": 0.0008786075758770329,
            "max_velocity_error": 1.2011951483138454,
            "rms_position_error": 0.004315440625687358,
            "rms_velocity_error": 0.3100071002777887
        },
        "2": {
            "max_overshoot": 0.04034771510095622,
            "rise_time": 9.5367431640625e-07,
            "settling_time": 9.5367431640625e-07,
            "steady_state_error": 0.0012268973040330412,
            "max_velocity_error": 2.444160221777336,
            "rms_position_error": 0.009895432875186733,
            "rms_velocity_error": 0.7297724729588594
        },
        "3": {
            "max_overshoot": 0.018686637727463262,
            "rise_time": 33.86699104309082,
            "settling_time": 9.5367431640625e-07,
            "steady_state_error": 0.0003210359783573802,
            "max_velocity_error": 1.3034890112323512,
            "rms_position_error": 0.004379486598326645,
            "rms_velocity_error": 0.30237017158471535
        },
        "4": {
            "max_overshoot": 0.12743109755700166,
            "rise_time": 6.436869144439697,
            "settling_time": 36.10258769989014,
            "steady_state_error": 0.0009543039297669509,
            "max_velocity_error": 7.071630560906309,
            "rms_position_error": 0.03407462194875127,
            "rms_velocity_error": 2.3046332016047275
        }
    }
}