{
    "kp": 70.0,
    "kd": 1.0,
    "timestamp": "20250830_143326",
    "metrics": {
        "1": {
            "max_overshoot": 0.013999959154559566,
            "rise_time": 7.355889558792114,
            "settling_time": 7.152557373046875e-07,
            "steady_state_error": 0.004302031620024188,
            "max_velocity_error": 0.6911326643216842,
            "rms_position_error": 0.003923330599036205,
            "rms_velocity_error": 0.15771436207299772
        },
        "2": {
            "max_overshoot": 0.023879675500995595,
            "rise_time": 6.738335609436035,
            "settling_time": 7.152557373046875e-07,
            "steady_state_error": 0.005539121855972437,
            "max_velocity_error": 0.9261881905073386,
            "rms_position_error": 0.006502842251273257,
            "rms_velocity_error": 0.16849604887391503
        },
        "3": {
            "max_overshoot": 0.010737009055165642,
            "rise_time": 2.272843360900879,
            "settling_time": 7.152557373046875e-07,
            "steady_state_error": 0.0022678289312770346,
            "max_velocity_error": 0.6779882420739325,
            "rms_position_error": 0.0029877377285302755,
            "rms_velocity_error": 0.15390964598353638
        },
        "4": {
            "max_overshoot": 0.07828012730696976,
            "rise_time": 6.247777938842773,
            "settling_time": 6.123233795166016,
            "steady_state_error": 0.001258227261415037,
            "max_velocity_error": 3.2387061492583387,
            "rms_position_error": 0.011878124827563435,
            "rms_velocity_error": 0.6562415763168851
        }
    }
}