{
    "kp": 70.0,
    "kd": 1.0,
    "timestamp": "20250827_100613",
    "metrics": {
        "1": {
            "max_overshoot": 0.02189108279378897,
            "rise_time": 7.152557373046875e-07,
            "settling_time": 7.152557373046875e-07,
            "steady_state_error": 0.0007241363164678516,
            "max_velocity_error": 1.2769741921975435,
            "rms_position_error": 0.0036103471988337614,
            "rms_velocity_error": 0.22326057307736236
        },
        "2": {
            "max_overshoot": 0.026056526365369426,
            "rise_time": 7.152557373046875e-07,
            "settling_time": 7.152557373046875e-07,
            "steady_state_error": 0.00020735051828900562,
            "max_velocity_error": 0.834071306603178,
            "rms_position_error": 0.006104088910558341,
            "rms_velocity_error": 0.21870867907575173
        },
        "3": {
            "max_overshoot": 0.020738139594139837,
            "rise_time": 6.266841650009155,
            "settling_time": 7.152557373046875e-07,
            "steady_state_error": 0.000812208535923632,
            "max_velocity_error": 1.3139050897267714,
            "rms_position_error": 0.0032694040240802396,
            "rms_velocity_error": 0.20845923398055388
        },
        "4": {
            "max_overshoot": 0.06306072184680689,
            "rise_time": 5.776615858078003,
            "settling_time": 11.50447964668274,
            "steady_state_error": 0.00036517633386090153,
            "max_velocity_error": 2.3264286974120942,
            "rms_position_error": 0.012086770784851573,
            "rms_velocity_error": 0.6466034993102674
        }
    }
}