{
    "kp": 70.0,
    "kd": 1.0,
    "timestamp": "20250827_100356",
    "metrics": {
        "1": {
            "max_overshoot": 0.03779108744929262,
            "rise_time": 7.152557373046875e-07,
            "settling_time": 7.152557373046875e-07,
            "steady_state_error": 0.0008531672488387645,
            "max_velocity_error": 1.9919259543226282,
            "rms_position_error": 0.004802885573654925,
            "rms_velocity_error": 0.28558521118458896
        },
        "2": {
            "max_overshoot": 0.04053511661956824,
            "rise_time": 7.152557373046875e-07,
            "settling_time": 7.152557373046875e-07,
            "steady_state_error": 0.000264887475971092,
            "max_velocity_error": 1.578935145521942,
            "rms_position_error": 0.00867831336657332,
            "rms_velocity_error": 0.3367899393567183
        },
        "3": {
            "max_overshoot": 0.03643570963986735,
            "rise_time": 7.152557373046875e-07,
            "settling_time": 7.152557373046875e-07,
            "steady_state_error": 0.001300295763505684,
            "max_velocity_error": 1.974896268881055,
            "rms_position_error": 0.004477247647356091,
            "rms_velocity_error": 0.270032804614587
        },
        "4": {
            "max_overshoot": 0.14584526878846482,
            "rise_time": 7.152557373046875e-07,
            "settling_time": 10.782962322235107,
            "steady_state_error": 0.0005532663568752127,
            "max_velocity_error": 5.644077735123011,
            "rms_position_error": 0.02560934901726309,
            "rms_velocity_error": 1.3651226609321478
        }
    }
}