{
    "kp": 300.0,
    "kd": 10.0,
    "timestamp": "20250905_155911",
    "metrics": {
        "1": {
            "max_overshoot": 0.02502297508845866,
            "rise_time": 0.028966426849365234,
            "settling_time": 1.6689300537109375e-06,
            "steady_state_error": 0.0012915528076541938,
            "max_velocity_error": 1.9346721307278376,
            "rms_position_error": 0.007284213406393022,
            "rms_velocity_error": 0.4980684881352183
        },
        "2": {
            "max_overshoot": 0.01887509205926427,
            "rise_time": 6.6332173347473145,
            "settling_time": 1.6689300537109375e-06,
            "steady_state_error": 0.0030745396494425425,
            "max_velocity_error": 1.4273440341573362,
            "rms_position_error": 0.007196950692048984,
            "rms_velocity_error": 0.5498930745521757
        },
        "3": {
            "max_overshoot": 0.023129884217285193,
            "rise_time": 7.997774124145508,
            "settling_time": 1.6689300537109375e-06,
            "steady_state_error": 0.00013276490938664645,
            "max_velocity_error": 1.912106000326637,
            "rms_position_error": 0.007549019345202704,
            "rms_velocity_error": 0.5201631633964293
        },
        "4": {
            "max_overshoot": 0.04887604861171346,
            "rise_time": 6.084702253341675,
            "settling_time": 1.6689300537109375e-06,
            "steady_state_error": 0.00019064346516262987,
            "max_velocity_error": 3.0634715218057496,
            "rms_position_error": 0.019495432015150846,
            "rms_velocity_error": 1.3911700238915257
        }
    }
}