{
    "kp": 300.0,
    "kd": 50.0,
    "timestamp": "20250911_012018",
    "metrics": {
        "1": {
            "max_overshoot": 0.018402796125995532,
            "rise_time": 6.538354158401489,
            "settling_time": 9.5367431640625e-07,
            "steady_state_error": 0.0006779725927158719,
            "max_velocity_error": 1.3077918924652292,
            "rms_position_error": 0.004514538380816494,
            "rms_velocity_error": 0.3285688479199893
        },
        "2": {
            "max_overshoot": 0.02451925152971196,
            "rise_time": 9.5367431640625e-07,
            "settling_time": 9.5367431640625e-07,
            "steady_state_error": 0.003578133794768228,
            "max_velocity_error": 1.3097858083923228,
            "rms_position_error": 0.009461682841114873,
            "rms_velocity_error": 0.39576079802909486
        },
        "3": {
            "max_overshoot": 0.024352316594546508,
            "rise_time": 9.5367431640625e-07,
            "settling_time": 9.5367431640625e-07,
            "steady_state_error": 0.00041034612214469135,
            "max_velocity_error": 0.9782253757534178,
            "rms_position_error": 0.0007351124457835041,
            "rms_velocity_error": 0.08113981287806647
        },
        "4": {
            "max_overshoot": 0.06586480402879591,
            "rise_time": 6.4318647384643555,
            "settling_time": 64.95433402061462,
            "steady_state_error": 0.006460395184168615,
            "max_velocity_error": 3.705160286599021,
            "rms_position_error": 0.01836643976305624,
            "rms_velocity_error": 1.2718822858175782
        }
    }
}