{
    "kp": 60.0,
    "kd": 1.0,
    "timestamp": "20250608_160253",
    "metrics": {
        "1": {
            "max_overshoot": 0.637570493518643,
            "rise_time": 2.384185791015625e-07,
            "settling_time": 0.11310338973999023,
            "steady_state_error": 0.0009254845703855073,
            "max_velocity_error": 15.940978103303578,
            "rms_position_error": 0.026842751905128782,
            "rms_velocity_error": 0.7687198383202166
        },
        "2": {
            "max_overshoot": 0.022051310302147797,
            "rise_time": 2.384185791015625e-07,
            "settling_time": 2.384185791015625e-07,
            "steady_state_error": 0.0001932423696758634,
            "max_velocity_error": 1.8335851071946294,
            "rms_position_error": 0.007551726362498327,
            "rms_velocity_error": 0.3628347415240317
        },
        "3": {
            "max_overshoot": 0.6065069085712693,
            "rise_time": 0.06377720832824707,
            "settling_time": 0.11310338973999023,
            "steady_state_error": 0.0010930161633481111,
            "max_velocity_error": 16.471381704432744,
            "rms_position_error": 0.029045919543575015,
            "rms_velocity_error": 0.7780406557728434
        },
        "4": {
            "max_overshoot": 0.050648953477965275,
            "rise_time": 2.384185791015625e-07,
            "settling_time": 3.881873369216919,
            "steady_state_error": 0.007817962510158094,
            "max_velocity_error": 0.37267586948753784,
            "rms_position_error": 0.009678284894037848,
            "rms_velocity_error": 0.08825910560233777
        }
    }
}