{
    "kp": 300.0,
    "kd": 50.0,
    "timestamp": "20250911_013456",
    "metrics": {
        "1": {
            "max_overshoot": 0.012311312595834248,
            "rise_time": 4.76837158203125e-07,
            "settling_time": 4.76837158203125e-07,
            "steady_state_error": 0.00019462155333200182,
            "max_velocity_error": 0.6247320707048691,
            "rms_position_error": 0.002467463619396621,
            "rms_velocity_error": 0.20116637668602472
        },
        "2": {
            "max_overshoot": 0.021382886839064724,
            "rise_time": 6.615439176559448,
            "settling_time": 4.76837158203125e-07,
            "steady_state_error": 0.009196562168345034,
            "max_velocity_error": 0.993655801637281,
            "rms_position_error": 0.008486630243419342,
            "rms_velocity_error": 0.2359985873244609
        },
        "3": {
            "max_overshoot": 0.028954329179342153,
            "rise_time": 4.76837158203125e-07,
            "settling_time": 4.76837158203125e-07,
            "steady_state_error": 0.0003990901194863922,
            "max_velocity_error": 0.9688258182650529,
            "rms_position_error": 0.0026098321027146283,
            "rms_velocity_error": 0.20601137262821942
        },
        "4": {
            "max_overshoot": 0.046062896857248736,
            "rise_time": 6.084549188613892,
            "settling_time": 4.76837158203125e-07,
            "steady_state_error": 0.0011288764010195962,
            "max_velocity_error": 2.560898821035468,
            "rms_position_error": 0.007923684455662409,
            "rms_velocity_error": 0.5634830040865495
        }
    }
}