{
    "kp": 300.0,
    "kd": 50.0,
    "timestamp": "20250911_005832",
    "metrics": {
        "1": {
            "max_overshoot": 0.0026546247081049926,
            "rise_time": 7.152557373046875e-07,
            "settling_time": 7.152557373046875e-07,
            "steady_state_error": 0.0004226012934608314,
            "max_velocity_error": 0.436777353700754,
            "rms_position_error": 0.0007602195059255456,
            "rms_velocity_error": 0.10713961109307367
        },
        "2": {
            "max_overshoot": 0.01554750835932836,
            "rise_time": 6.632948637008667,
            "settling_time": 7.152557373046875e-07,
            "steady_state_error": 0.0024972160903960062,
            "max_velocity_error": 1.0837314439907741,
            "rms_position_error": 0.002323540290530193,
            "rms_velocity_error": 0.134704037978267
        },
        "3": {
            "max_overshoot": 0.0033121590826300455,
            "rise_time": 16.433773517608643,
            "settling_time": 7.152557373046875e-07,
            "steady_state_error": 0.0010334174464708928,
            "max_velocity_error": 0.40590036576701904,
            "rms_position_error": 0.0010676004988605498,
            "rms_velocity_error": 0.10338436058293797
        },
        "4": {
            "max_overshoot": 0.04450406470943591,
            "rise_time": 6.082669734954834,
            "settling_time": 7.152557373046875e-07,
            "steady_state_error": 0.0007300961095703062,
            "max_velocity_error": 2.556260268136926,
            "rms_position_error": 0.002273238441199406,
            "rms_velocity_error": 0.25668893452127906
        }
    }
}