{
    "kp": 300.0,
    "kd": 50.0,
    "timestamp": "20250911_010757",
    "metrics": {
        "1": {
            "max_overshoot": 0.008497869243874516,
            "rise_time": 7.152557373046875e-07,
            "settling_time": 7.152557373046875e-07,
            "steady_state_error": 0.0005511520350604568,
            "max_velocity_error": 0.6733511200827673,
            "rms_position_error": 0.002364036230453635,
            "rms_velocity_error": 0.20085234657137727
        },
        "2": {
            "max_overshoot": 0.014734538975037043,
            "rise_time": 6.6319897174835205,
            "settling_time": 7.152557373046875e-07,
            "steady_state_error": 0.0036012818673303703,
            "max_velocity_error": 0.9734848962874245,
            "rms_position_error": 0.003217001595453649,
            "rms_velocity_error": 0.2349776468649999
        },
        "3": {
            "max_overshoot": 0.011299232081675593,
            "rise_time": 10.138460874557495,
            "settling_time": 7.152557373046875e-07,
            "steady_state_error": 0.0008171062626051123,
            "max_velocity_error": 0.6073974791724023,
            "rms_position_error": 0.002690730843886131,
            "rms_velocity_error": 0.20524119416000075
        },
        "4": {
            "max_overshoot": 0.04388501014246304,
            "rise_time": 6.086538791656494,
            "settling_time": 7.152557373046875e-07,
            "steady_state_error": 0.0014750957198776148,
            "max_velocity_error": 2.5817733527482023,
            "rms_position_error": 0.006469879918379271,
            "rms_velocity_error": 0.5620902893650266
        }
    }
}