{
    "kp": 70.0,
    "kd": 1.0,
    "timestamp": "20250827_102045",
    "metrics": {
        "1": {
            "max_overshoot": 0.044275428524797475,
            "rise_time": 8.03058910369873,
            "settling_time": 7.152557373046875e-07,
            "steady_state_error": 0.0006517242562212466,
            "max_velocity_error": 1.9189155612230309,
            "rms_position_error": 0.00540902100384787,
            "rms_velocity_error": 0.27887773280281325
        },
        "2": {
            "max_overshoot": 0.03968630776115345,
            "rise_time": 6.662801504135132,
            "settling_time": 7.152557373046875e-07,
            "steady_state_error": 0.007824101766736993,
            "max_velocity_error": 1.3254419627683036,
            "rms_position_error": 0.008707470013920889,
            "rms_velocity_error": 0.3060825409171765
        },
        "3": {
            "max_overshoot": 0.034401319170051986,
            "rise_time": 8.03058910369873,
            "settling_time": 7.152557373046875e-07,
            "steady_state_error": 0.0011576994369647737,
            "max_velocity_error": 1.7608083301215545,
            "rms_position_error": 0.004782022319200838,
            "rms_velocity_error": 0.2809672513745361
        },
        "4": {
            "max_overshoot": 0.0712246403406116,
            "rise_time": 6.120203256607056,
            "settling_time": 8.663715839385986,
            "steady_state_error": 0.0002480731215654863,
            "max_velocity_error": 2.834317391420239,
            "rms_position_error": 0.01386656977304806,
            "rms_velocity_error": 0.7753411624643007
        }
    }
}