{
    "kp": 300.0,
    "kd": 50.0,
    "timestamp": "20250910_015126",
    "metrics": {
        "1": {
            "max_overshoot": 0.036962817766609105,
            "rise_time": 6.539740800857544,
            "settling_time": 7.152557373046875e-07,
            "steady_state_error": 0.0006856427002921373,
            "max_velocity_error": 2.329087845558741,
            "rms_position_error": 0.00988634090656179,
            "rms_velocity_error": 0.5826111410253295
        },
        "2": {
            "max_overshoot": 0.042294831648202746,
            "rise_time": 7.152557373046875e-07,
            "settling_time": 7.152557373046875e-07,
            "steady_state_error": 0.003616484026579192,
            "max_velocity_error": 2.314151078279375,
            "rms_position_error": 0.012743274917358318,
            "rms_velocity_error": 0.6957573976947139
        },
        "3": {
            "max_overshoot": 0.1286646018499269,
            "rise_time": 7.2242114543914795,
            "settling_time": 36.33660006523132,
            "steady_state_error": 0.000740157024054664,
            "max_velocity_error": 1.7060196841382478,
            "rms_position_error": 0.033704107001066054,
            "rms_velocity_error": 0.3413833905924989
        },
        "4": {
            "max_overshoot": 0.1249365743172639,
            "rise_time": 6.432780981063843,
            "settling_time": 36.113091707229614,
            "steady_state_error": 0.005716402783802508,
            "max_velocity_error": 7.2616663700247805,
            "rms_position_error": 0.03410259040277553,
            "rms_velocity_error": 2.300953731398113
        }
    }
}