{
    "kp": 300.0,
    "kd": 10.0,
    "timestamp": "20250905_160847",
    "metrics": {
        "1": {
            "max_overshoot": 0.02588632078947839,
            "rise_time": 104.87395191192627,
            "settling_time": 7.152557373046875e-07,
            "steady_state_error": 0.00033501022861301963,
            "max_velocity_error": 1.0520790417334283,
            "rms_position_error": 0.002359452618301786,
            "rms_velocity_error": 0.18190302908851425
        },
        "2": {
            "max_overshoot": 0.023670647903999864,
            "rise_time": 7.152557373046875e-07,
            "settling_time": 7.152557373046875e-07,
            "steady_state_error": 0.004573872770800414,
            "max_velocity_error": 1.243542461514404,
            "rms_position_error": 0.00781911095479409,
            "rms_velocity_error": 0.32644923000876014
        },
        "3": {
            "max_overshoot": 0.07858282665059158,
            "rise_time": 5.572001218795776,
            "settling_time": 122.10295486450195,
            "steady_state_error": 0.00040086061066714143,
            "max_velocity_error": 0.8054520284919692,
            "rms_position_error": 0.005388012292991277,
            "rms_velocity_error": 0.20682702208217663
        },
        "4": {
            "max_overshoot": 0.026632763807485915,
            "rise_time": 6.133284568786621,
            "settling_time": 7.152557373046875e-07,
            "steady_state_error": 0.006593551727245251,
            "max_velocity_error": 1.6640844706257076,
            "rms_position_error": 0.007808842140128002,
            "rms_velocity_error": 0.5590727986903341
        }
    }
}