{
    "kp": 70.0,
    "kd": 1.0,
    "timestamp": "20250823_165238",
    "metrics": {
        "1": {
            "max_overshoot": 0.023201813448347153,
            "rise_time": 7.152557373046875e-07,
            "settling_time": 7.152557373046875e-07,
            "steady_state_error": 0.001951867375891292,
            "max_velocity_error": 1.1302004459902382,
            "rms_position_error": 0.0030974516405891392,
            "rms_velocity_error": 0.18832921446511458
        },
        "2": {
            "max_overshoot": 0.01591529352242027,
            "rise_time": 7.152557373046875e-07,
            "settling_time": 7.152557373046875e-07,
            "steady_state_error": 0.0030675343394699307,
            "max_velocity_error": 1.1633634660302006,
            "rms_position_error": 0.0031510675396539184,
            "rms_velocity_error": 0.22433424497561222
        },
        "3": {
            "max_overshoot": 0.018709196644167786,
            "rise_time": 0.036623477935791016,
            "settling_time": 7.152557373046875e-07,
            "steady_state_error": 9.147969645443943e-05,
            "max_velocity_error": 1.1143347717455165,
            "rms_position_error": 0.0024302987502046957,
            "rms_velocity_error": 0.1769293906629643
        },
        "4": {
            "max_overshoot": 0.06750162101171386,
            "rise_time": 7.152557373046875e-07,
            "settling_time": 6.362720966339111,
            "steady_state_error": 0.0016565442723190148,
            "max_velocity_error": 2.9381500409017134,
            "rms_position_error": 0.012676286848315623,
            "rms_velocity_error": 0.7093454366599198
        }
    }
}