{
    "kp": 60.0,
    "kd": 0.8,
    "timestamp": "20250609_171336",
    "metrics": {
        "1": {
            "max_overshoot": 0.01155059978706463,
            "rise_time": 10.018881797790527,
            "settling_time": 4.76837158203125e-07,
            "steady_state_error": 0.0009334677226114012,
            "max_velocity_error": 0.6286200622906672,
            "rms_position_error": 0.0016767873594196537,
            "rms_velocity_error": 0.09036575640411
        },
        "2": {
            "max_overshoot": 0.03586665895088237,
            "rise_time": 4.76837158203125e-07,
            "settling_time": 4.76837158203125e-07,
            "steady_state_error": 0.008972843446654468,
            "max_velocity_error": 0.35499128439417343,
            "rms_position_error": 0.015735104373554097,
            "rms_velocity_error": 0.0813891646113567
        },
        "3": {
            "max_overshoot": 0.010390806061143888,
            "rise_time": 4.76837158203125e-07,
            "settling_time": 4.76837158203125e-07,
            "steady_state_error": 0.00043643796706407646,
            "max_velocity_error": 0.4078406624490518,
            "rms_position_error": 0.002109774390729323,
            "rms_velocity_error": 0.08784662597670558
        },
        "4": {
            "max_overshoot": 0.03558066853436914,
            "rise_time": 4.76837158203125e-07,
            "settling_time": 4.76837158203125e-07,
            "steady_state_error": 0.008040229648818464,
            "max_velocity_error": 0.4396548697763589,
            "rms_position_error": 0.009642901033354995,
            "rms_velocity_error": 0.08302809865639363
        }
    }
}