{
    "kp": 300.0,
    "kd": 50.0,
    "timestamp": "20250911_012400",
    "metrics": {
        "1": {
            "max_overshoot": 0.028797994365203937,
            "rise_time": 6.5361785888671875,
            "settling_time": 7.152557373046875e-07,
            "steady_state_error": 0.0003079105800853432,
            "max_velocity_error": 1.9092018815854876,
            "rms_position_error": 0.0068652778700231155,
            "rms_velocity_error": 0.45717348067321073
        },
        "2": {
            "max_overshoot": 0.03241716849959525,
            "rise_time": 7.152557373046875e-07,
            "settling_time": 7.152557373046875e-07,
            "steady_state_error": 0.0035742988054247114,
            "max_velocity_error": 1.8600356964366505,
            "rms_position_error": 0.010725756237994249,
            "rms_velocity_error": 0.5518646669879053
        },
        "3": {
            "max_overshoot": 0.00441026206043027,
            "rise_time": 7.152557373046875e-07,
            "settling_time": 7.152557373046875e-07,
            "steady_state_error": 0.0005100563948151482,
            "max_velocity_error": 0.3054856183718613,
            "rms_position_error": 0.0014278659525143401,
            "rms_velocity_error": 0.08244171295043133
        },
        "4": {
            "max_overshoot": 0.09700201646824436,
            "rise_time": 6.432312726974487,
            "settling_time": 45.77240991592407,
            "steady_state_error": 0.006119079189872707,
            "max_velocity_error": 5.383899475155271,
            "rms_position_error": 0.02643873960565868,
            "rms_velocity_error": 1.8060333299133386
        }
    }
}