{
    "kp": 300.0,
    "kd": 10.0,
    "timestamp": "20250905_151356",
    "metrics": {
        "1": {
            "max_overshoot": 0.010869698192992217,
            "rise_time": 105.2021598815918,
            "settling_time": 7.152557373046875e-07,
            "steady_state_error": 0.0005779048914131435,
            "max_velocity_error": 0.7922593702165548,
            "rms_position_error": 0.0024504752452606023,
            "rms_velocity_error": 0.18765928262584297
        },
        "2": {
            "max_overshoot": 0.019556328110576393,
            "rise_time": 7.152557373046875e-07,
            "settling_time": 7.152557373046875e-07,
            "steady_state_error": 0.0001672534076142451,
            "max_velocity_error": 1.5060512710825325,
            "rms_position_error": 0.004814820102199871,
            "rms_velocity_error": 0.3301019173988499
        },
        "3": {
            "max_overshoot": 0.012248032527841568,
            "rise_time": 5.550967693328857,
            "settling_time": 7.152557373046875e-07,
            "steady_state_error": 0.0002687666517706133,
            "max_velocity_error": 0.91763322253743,
            "rms_position_error": 0.0029350079663990752,
            "rms_velocity_error": 0.21236913261843843
        },
        "4": {
            "max_overshoot": 0.027053843919417453,
            "rise_time": 6.145542621612549,
            "settling_time": 7.152557373046875e-07,
            "steady_state_error": 0.001519745855366108,
            "max_velocity_error": 1.9011183640754012,
            "rms_position_error": 0.007444634829833266,
            "rms_velocity_error": 0.5703448791240168
        }
    }
}