{
    "kp": 300.0,
    "kd": 10.0,
    "timestamp": "20250905_153401",
    "metrics": {
        "1": {
            "max_overshoot": 0.004209984844588552,
            "rise_time": 9.5367431640625e-07,
            "settling_time": 9.5367431640625e-07,
            "steady_state_error": 9.779244058367054e-05,
            "max_velocity_error": 0.5244262032011258,
            "rms_position_error": 0.0011674138348902472,
            "rms_velocity_error": 0.11762229521740773
        },
        "2": {
            "max_overshoot": 0.01475312658589821,
            "rise_time": 9.5367431640625e-07,
            "settling_time": 9.5367431640625e-07,
            "steady_state_error": 0.0018171118378655948,
            "max_velocity_error": 0.8846925113396509,
            "rms_position_error": 0.0032248801379935015,
            "rms_velocity_error": 0.23345420187821725
        },
        "3": {
            "max_overshoot": 0.005326614759634529,
            "rise_time": 114.48983478546143,
            "settling_time": 9.5367431640625e-07,
            "steady_state_error": 0.0002556647499497,
            "max_velocity_error": 0.523340036762447,
            "rms_position_error": 0.0013085941869048242,
            "rms_velocity_error": 0.11603765062785605
        },
        "4": {
            "max_overshoot": 0.04185191454808157,
            "rise_time": 6.4360291957855225,
            "settling_time": 9.5367431640625e-07,
            "steady_state_error": 0.0006337519613124521,
            "max_velocity_error": 2.793662753755007,
            "rms_position_error": 0.008912723139683843,
            "rms_velocity_error": 0.6809630849776864
        }
    }
}