{
    "kp": 300.0,
    "kd": 10.0,
    "timestamp": "20250905_234519",
    "metrics": {
        "1": {
            "max_overshoot": 0.023872471942259305,
            "rise_time": 7.152557373046875e-07,
            "settling_time": 7.152557373046875e-07,
            "steady_state_error": 0.0005859108779849415,
            "max_velocity_error": 1.85544728904019,
            "rms_position_error": 0.006999724544553298,
            "rms_velocity_error": 0.492206884011338
        },
        "2": {
            "max_overshoot": 0.024735817643279034,
            "rise_time": 6.632786750793457,
            "settling_time": 7.152557373046875e-07,
            "steady_state_error": 0.002947984303360365,
            "max_velocity_error": 1.3744468920373463,
            "rms_position_error": 0.007366539754110216,
            "rms_velocity_error": 0.560772300948355
        },
        "3": {
            "max_overshoot": 0.02351338526601772,
            "rise_time": 7.995433330535889,
            "settling_time": 7.152557373046875e-07,
            "steady_state_error": 0.0009903686739280249,
            "max_velocity_error": 1.9953592237950124,
            "rms_position_error": 0.007446255541490152,
            "rms_velocity_error": 0.512582368118598
        },
        "4": {
            "max_overshoot": 0.05036003794444377,
            "rise_time": 6.084292888641357,
            "settling_time": 24.604379653930664,
            "steady_state_error": 0.00021108436370447236,
            "max_velocity_error": 3.1770068145083687,
            "rms_position_error": 0.01987060585021859,
            "rms_velocity_error": 1.4161027152472985
        }
    }
}