{
    "kp": 300.0,
    "kd": 50.0,
    "timestamp": "20250911_005557",
    "metrics": {
        "1": {
            "max_overshoot": 0.02806071053317573,
            "rise_time": 6.53923773765564,
            "settling_time": 7.152557373046875e-07,
            "steady_state_error": 0.0006051074078704954,
            "max_velocity_error": 1.970948958163293,
            "rms_position_error": 0.0065344728419200636,
            "rms_velocity_error": 0.4615467754534191
        },
        "2": {
            "max_overshoot": 0.026157422333891317,
            "rise_time": 7.152557373046875e-07,
            "settling_time": 7.152557373046875e-07,
            "steady_state_error": 0.00017726599557394752,
            "max_velocity_error": 1.8518001267944397,
            "rms_position_error": 0.007516152005907522,
            "rms_velocity_error": 0.5586986322797717
        },
        "3": {
            "max_overshoot": 0.001725754719299033,
            "rise_time": NaN,
            "settling_time": 7.152557373046875e-07,
            "steady_state_error": 0.0009127324959843008,
            "max_velocity_error": 0.3054856183718613,
            "rms_position_error": 0.0009553223688964238,
            "rms_velocity_error": 0.08018300183675518
        },
        "4": {
            "max_overshoot": 0.09199053061664797,
            "rise_time": 6.438802719116211,
            "settling_time": 45.73428463935852,
            "steady_state_error": 0.0010875454304964194,
            "max_velocity_error": 5.464185177612592,
            "rms_position_error": 0.026306196323386224,
            "rms_velocity_error": 1.8190153719146809
        }
    }
}