{
    "kp": 300.0,
    "kd": 10.0,
    "timestamp": "20250910_001552",
    "metrics": {
        "1": {
            "max_overshoot": 0.026750142705882704,
            "rise_time": 7.152557373046875e-07,
            "settling_time": 7.152557373046875e-07,
            "steady_state_error": 0.0006245418100026789,
            "max_velocity_error": 1.8023597072163837,
            "rms_position_error": 0.006523815760152455,
            "rms_velocity_error": 0.42704891758005403
        },
        "2": {
            "max_overshoot": 0.06193489946396363,
            "rise_time": 7.152557373046875e-07,
            "settling_time": 25.342384815216064,
            "steady_state_error": 0.0015249154709023704,
            "max_velocity_error": 3.524922838834782,
            "rms_position_error": 0.01431651820777494,
            "rms_velocity_error": 1.0020310387379554
        },
        "3": {
            "max_overshoot": 0.030905168324370902,
            "rise_time": 24.90300941467285,
            "settling_time": 7.152557373046875e-07,
            "steady_state_error": 0.0007484436677393492,
            "max_velocity_error": 1.8831577463870026,
            "rms_position_error": 0.006357358397174034,
            "rms_velocity_error": 0.4153629931527913
        },
        "4": {
            "max_overshoot": 0.18960785579278117,
            "rise_time": 6.437299013137817,
            "settling_time": 26.44227647781372,
            "steady_state_error": 0.0008178261631018379,
            "max_velocity_error": 10.295566935622752,
            "rms_position_error": 0.04861986026814941,
            "rms_velocity_error": 3.164478136246753
        }
    }
}