{
    "kp": 10.0,
    "kd": 1.5,
    "timestamp": "20250608_174433",
    "metrics": {
        "1": {
            "max_overshoot": 0.051919101711561555,
            "rise_time": 3.4438273906707764,
            "settling_time": 10.120667934417725,
            "steady_state_error": 0.0013055047481695878,
            "max_velocity_error": 0.3475647530767656,
            "rms_position_error": 0.015781176899788106,
            "rms_velocity_error": 0.08593922597153733
        },
        "2": {
            "max_overshoot": 0.09678942102576507,
            "rise_time": 4.76837158203125e-07,
            "settling_time": 14.369751930236816,
            "steady_state_error": 0.014470658601031765,
            "max_velocity_error": 1.1303422555716798,
            "rms_position_error": 0.04677117202572613,
            "rms_velocity_error": 0.3367406133643503
        },
        "3": {
            "max_overshoot": 0.0391994617145183,
            "rise_time": 3.26882004737854,
            "settling_time": 4.76837158203125e-07,
            "steady_state_error": 0.0008829093261561419,
            "max_velocity_error": 0.3662680473642911,
            "rms_position_error": 0.01367512311732648,
            "rms_velocity_error": 0.08500545829814202
        },
        "4": {
            "max_overshoot": 0.2065753243611197,
            "rise_time": 4.76837158203125e-07,
            "settling_time": 14.700695991516113,
            "steady_state_error": 0.008041814821599788,
            "max_velocity_error": 0.5366398744851364,
            "rms_position_error": 0.05979995954507028,
            "rms_velocity_error": 0.14266978819625115
        }
    }
}