{
    "kp": 70.0,
    "kd": 1.0,
    "timestamp": "20250830_142631",
    "metrics": {
        "1": {
            "max_overshoot": 0.042617778445308424,
            "rise_time": 7.152557373046875e-07,
            "settling_time": 7.152557373046875e-07,
            "steady_state_error": 0.0001012582201043527,
            "max_velocity_error": 1.9933958307489927,
            "rms_position_error": 0.006205537685397474,
            "rms_velocity_error": 0.32001002154298136
        },
        "2": {
            "max_overshoot": 0.046078434280228786,
            "rise_time": 7.152557373046875e-07,
            "settling_time": 7.152557373046875e-07,
            "steady_state_error": 0.00012685386517886422,
            "max_velocity_error": 1.4231270413273545,
            "rms_position_error": 0.00943865582205746,
            "rms_velocity_error": 0.32809705500724745
        },
        "3": {
            "max_overshoot": 0.040482308221019725,
            "rise_time": 6.171152830123901,
            "settling_time": 7.152557373046875e-07,
            "steady_state_error": 0.0027510116638422965,
            "max_velocity_error": 2.0380611171896126,
            "rms_position_error": 0.0057064641644077865,
            "rms_velocity_error": 0.29928150416589894
        },
        "4": {
            "max_overshoot": 0.13013199075224557,
            "rise_time": 5.773339509963989,
            "settling_time": 10.465090274810791,
            "steady_state_error": 0.0032414276556015052,
            "max_velocity_error": 4.414996277285274,
            "rms_position_error": 0.019790187845818104,
            "rms_velocity_error": 1.0081501897247855
        }
    }
}