{
    "kp": 100,
    "kd": 3,
    "timestamp": "20250608_175413",
    "metrics": {
        "1": {
            "max_overshoot": 0.014335998935724239,
            "rise_time": 7.152557373046875e-07,
            "settling_time": 7.152557373046875e-07,
            "steady_state_error": 0.0014289062321551974,
            "max_velocity_error": 0.42558683014666454,
            "rms_position_error": 0.002780511792324053,
            "rms_velocity_error": 0.09799359210541758
        },
        "2": {
            "max_overshoot": 0.023347940700986447,
            "rise_time": 7.152557373046875e-07,
            "settling_time": 7.152557373046875e-07,
            "steady_state_error": 0.000347203217206572,
            "max_velocity_error": 4.033180605754281,
            "rms_position_error": 0.008252390452587313,
            "rms_velocity_error": 0.8866929770306445
        },
        "3": {
            "max_overshoot": 0.012955175489954004,
            "rise_time": 5.6272056102752686,
            "settling_time": 7.152557373046875e-07,
            "steady_state_error": 0.0006066659220834998,
            "max_velocity_error": 0.4024907582692457,
            "rms_position_error": 0.002794106171764923,
            "rms_velocity_error": 0.1027886906278517
        },
        "4": {
            "max_overshoot": 0.06425777091847529,
            "rise_time": 7.152557373046875e-07,
            "settling_time": 4.202046871185303,
            "steady_state_error": 0.0031858306907860123,
            "max_velocity_error": 0.4733348592355213,
            "rms_position_error": 0.013782986424421509,
            "rms_velocity_error": 0.10334695093716899
        }
    }
}