{
    "kp": 300.0,
    "kd": 10.0,
    "timestamp": "20250905_213830",
    "metrics": {
        "1": {
            "max_overshoot": 0.037756249634209815,
            "rise_time": 39.948649168014526,
            "settling_time": 7.152557373046875e-07,
            "steady_state_error": 0.0010904343837034648,
            "max_velocity_error": 1.651454166470888,
            "rms_position_error": 0.007635113563645368,
            "rms_velocity_error": 0.44710924142445185
        },
        "2": {
            "max_overshoot": 0.05309614056091205,
            "rise_time": 7.152557373046875e-07,
            "settling_time": 39.663010120391846,
            "steady_state_error": 0.005543173218109372,
            "max_velocity_error": 3.2517793171383325,
            "rms_position_error": 0.013642209546989184,
            "rms_velocity_error": 0.855855495912846
        },
        "3": {
            "max_overshoot": 0.39981553266520686,
            "rise_time": 5.515964508056641,
            "settling_time": 46.4343683719635,
            "steady_state_error": 0.00046573136564934006,
            "max_velocity_error": 2.855933952717841,
            "rms_position_error": 0.0913362278561853,
            "rms_velocity_error": 0.7774510250086728
        },
        "4": {
            "max_overshoot": 0.07375570201661574,
            "rise_time": 6.132585763931274,
            "settling_time": 45.77251052856445,
            "steady_state_error": 0.005841730811902983,
            "max_velocity_error": 4.087852978865457,
            "rms_position_error": 0.021509230339109814,
            "rms_velocity_error": 1.4743540505659987
        }
    }
}