{
    "kp": 70.0,
    "kd": 1.0,
    "timestamp": "20250830_145241",
    "metrics": {
        "1": {
            "max_overshoot": 0.027625241641616505,
            "rise_time": 7.152557373046875e-07,
            "settling_time": 7.152557373046875e-07,
            "steady_state_error": 0.0002023241913734654,
            "max_velocity_error": 1.1893491458786065,
            "rms_position_error": 0.0050881355493002985,
            "rms_velocity_error": 0.20635070733050648
        },
        "2": {
            "max_overshoot": 0.04026196497422169,
            "rise_time": 7.152557373046875e-07,
            "settling_time": 7.152557373046875e-07,
            "steady_state_error": 0.008115142143164106,
            "max_velocity_error": 0.9084173964713882,
            "rms_position_error": 0.014007149310851712,
            "rms_velocity_error": 0.21480667432875497
        },
        "3": {
            "max_overshoot": 0.021930922325788194,
            "rise_time": 1.6547183990478516,
            "settling_time": 7.152557373046875e-07,
            "steady_state_error": 0.0005683952395152392,
            "max_velocity_error": 1.2866868577891626,
            "rms_position_error": 0.006710112991487281,
            "rms_velocity_error": 0.2006034214254139
        },
        "4": {
            "max_overshoot": 0.07797943257724382,
            "rise_time": 5.748555898666382,
            "settling_time": 13.545884370803833,
            "steady_state_error": 0.022094345755074265,
            "max_velocity_error": 2.5534735373299253,
            "rms_position_error": 0.023932712433569443,
            "rms_velocity_error": 0.643575790162024
        }
    }
}