{
    "kp": 60.0,
    "kd": 1.5,
    "timestamp": "20250609_171036",
    "metrics": {
        "1": {
            "max_overshoot": 0.010016595592130972,
            "rise_time": 10.02148151397705,
            "settling_time": 7.152557373046875e-07,
            "steady_state_error": 0.0021717222922014515,
            "max_velocity_error": 0.4934767681391605,
            "rms_position_error": 0.002306146487704621,
            "rms_velocity_error": 0.0848980468745872
        },
        "2": {
            "max_overshoot": 0.022818312399614626,
            "rise_time": 7.152557373046875e-07,
            "settling_time": 7.152557373046875e-07,
            "steady_state_error": 0.0024698313099367685,
            "max_velocity_error": 0.8499275196459912,
            "rms_position_error": 0.006365119646763625,
            "rms_velocity_error": 0.08849953203028868
        },
        "3": {
            "max_overshoot": 0.01017220025630694,
            "rise_time": 10.013389587402344,
            "settling_time": 7.152557373046875e-07,
            "steady_state_error": 0.001587300672911096,
            "max_velocity_error": 0.3092550316889068,
            "rms_position_error": 0.0023245684866756247,
            "rms_velocity_error": 0.08254933016263656
        },
        "4": {
            "max_overshoot": 0.03608625412671129,
            "rise_time": 7.152557373046875e-07,
            "settling_time": 7.152557373046875e-07,
            "steady_state_error": 0.006930421632785895,
            "max_velocity_error": 0.3432961885585619,
            "rms_position_error": 0.009586712241655118,
            "rms_velocity_error": 0.07796446942458404
        }
    }
}