{
    "kp": 300.0,
    "kd": 50.0,
    "timestamp": "20250910_014908",
    "metrics": {
        "1": {
            "max_overshoot": 0.017663589231183295,
            "rise_time": 6.543116331100464,
            "settling_time": 7.152557373046875e-07,
            "steady_state_error": 0.0006703025717412214,
            "max_velocity_error": 1.2956130052308772,
            "rms_position_error": 0.004488768780584649,
            "rms_velocity_error": 0.3285052444689273
        },
        "2": {
            "max_overshoot": 0.025286253627178457,
            "rise_time": 7.152557373046875e-07,
            "settling_time": 7.152557373046875e-07,
            "steady_state_error": 0.0038159044449831226,
            "max_velocity_error": 1.3835801327645394,
            "rms_position_error": 0.00984057546607446,
            "rms_velocity_error": 0.39269265261325237
        },
        "3": {
            "max_overshoot": 0.0024927568167640857,
            "rise_time": 7.152557373046875e-07,
            "settling_time": 7.152557373046875e-07,
            "steady_state_error": 0.0005714165626123524,
            "max_velocity_error": 0.3108567940794984,
            "rms_position_error": 0.000829841511719875,
            "rms_velocity_error": 0.0799288309035861
        },
        "4": {
            "max_overshoot": 0.06507531256808918,
            "rise_time": 6.430539846420288,
            "settling_time": 64.93287563323975,
            "steady_state_error": 0.00572407317060053,
            "max_velocity_error": 3.652121535019077,
            "rms_position_error": 0.018097612320807095,
            "rms_velocity_error": 1.2550142567541636
        }
    }
}