{
    "kp": 300.0,
    "kd": 10.0,
    "timestamp": "20250905_153029",
    "metrics": {
        "1": {
            "max_overshoot": 0.038541855397667746,
            "rise_time": 39.797064781188965,
            "settling_time": 1.1920928955078125e-06,
            "steady_state_error": 0.00024125347651839048,
            "max_velocity_error": 1.9598077363241018,
            "rms_position_error": 0.0065406633134509,
            "rms_velocity_error": 0.44852999144190403
        },
        "2": {
            "max_overshoot": 0.044901791746758346,
            "rise_time": 1.1920928955078125e-06,
            "settling_time": 1.1920928955078125e-06,
            "steady_state_error": 0.0002815388294920562,
            "max_velocity_error": 3.2247965067629814,
            "rms_position_error": 0.011509946318886504,
            "rms_velocity_error": 0.8537149005862473
        },
        "3": {
            "max_overshoot": 0.02844540154510186,
            "rise_time": 5.511725902557373,
            "settling_time": 1.1920928955078125e-06,
            "steady_state_error": 3.970618221931233e-05,
            "max_velocity_error": 2.037585528443316,
            "rms_position_error": 0.007467387831504361,
            "rms_velocity_error": 0.5214779125198489
        },
        "4": {
            "max_overshoot": 0.06758436297629089,
            "rise_time": 6.140329360961914,
            "settling_time": 45.7936327457428,
            "steady_state_error": 0.0007028167588808954,
            "max_velocity_error": 4.049090181388079,
            "rms_position_error": 0.021159165431285532,
            "rms_velocity_error": 1.4621809626715903
        }
    }
}