{
    "kp": 300.0,
    "kd": 10.0,
    "timestamp": "20250905_155614",
    "metrics": {
        "1": {
            "max_overshoot": 0.011630963612514034,
            "rise_time": 9.5367431640625e-07,
            "settling_time": 9.5367431640625e-07,
            "steady_state_error": 0.0006090825003466937,
            "max_velocity_error": 0.9765290159713256,
            "rms_position_error": 0.0038148957797484247,
            "rms_velocity_error": 0.283745007394
        },
        "2": {
            "max_overshoot": 0.01473323475558036,
            "rise_time": 6.6318159103393555,
            "settling_time": 9.5367431640625e-07,
            "steady_state_error": 0.0035068599300761226,
            "max_velocity_error": 1.0210738172252476,
            "rms_position_error": 0.004236510699652018,
            "rms_velocity_error": 0.32469563749492997
        },
        "3": {
            "max_overshoot": 0.010880530894297247,
            "rise_time": 9.000671863555908,
            "settling_time": 9.5367431640625e-07,
            "steady_state_error": 0.0001501715507469839,
            "max_velocity_error": 0.8598175162035513,
            "rms_position_error": 0.004073093641042064,
            "rms_velocity_error": 0.29361555886394775
        },
        "4": {
            "max_overshoot": 0.0433783895161175,
            "rise_time": 6.08305811882019,
            "settling_time": 9.5367431640625e-07,
            "steady_state_error": 9.827525300289963e-05,
            "max_velocity_error": 2.6305453706598794,
            "rms_position_error": 0.01048228970085712,
            "rms_velocity_error": 0.8052178869176304
        }
    }
}