{
    "kp": 60.0,
    "kd": 1.0,
    "timestamp": "20250608_162625",
    "metrics": {
        "1": {
            "max_overshoot": 0.061168417272917,
            "rise_time": 7.152557373046875e-07,
            "settling_time": 0.016091108322143555,
            "steady_state_error": 0.001828290520183995,
            "max_velocity_error": 2.133028152895399,
            "rms_position_error": 0.003249698630762849,
            "rms_velocity_error": 0.12534940222609778
        },
        "2": {
            "max_overshoot": 0.04007585959259963,
            "rise_time": 7.152557373046875e-07,
            "settling_time": 7.152557373046875e-07,
            "steady_state_error": 0.0007986682169764648,
            "max_velocity_error": 1.7718165865568025,
            "rms_position_error": 0.007573349733402173,
            "rms_velocity_error": 0.36878390797692584
        },
        "3": {
            "max_overshoot": 0.05848390993178576,
            "rise_time": 5.96321439743042,
            "settling_time": 0.012002944946289062,
            "steady_state_error": 0.0035966013671048964,
            "max_velocity_error": 2.0363469901579307,
            "rms_position_error": 0.004321216326393751,
            "rms_velocity_error": 0.11559833434798206
        },
        "4": {
            "max_overshoot": 0.053114895249523286,
            "rise_time": 7.152557373046875e-07,
            "settling_time": 0.006012439727783203,
            "steady_state_error": 0.007253789299919445,
            "max_velocity_error": 1.1259327077134387,
            "rms_position_error": 0.009701533279661056,
            "rms_velocity_error": 0.10675073956461825
        }
    }
}