{
    "kp": 300.0,
    "kd": 10.0,
    "timestamp": "20250905_220322",
    "metrics": {
        "1": {
            "max_overshoot": 0.023231647805669043,
            "rise_time": 1.430511474609375e-06,
            "settling_time": 1.430511474609375e-06,
            "steady_state_error": 0.0002510715912947681,
            "max_velocity_error": 1.9521284517776583,
            "rms_position_error": 0.007752999091698216,
            "rms_velocity_error": 0.4897429100364628
        },
        "2": {
            "max_overshoot": 0.02555792122389272,
            "rise_time": 6.619851350784302,
            "settling_time": 1.430511474609375e-06,
            "steady_state_error": 0.009133856219424894,
            "max_velocity_error": 1.3634833463028806,
            "rms_position_error": 0.010848069152144856,
            "rms_velocity_error": 0.5555017666865957
        },
        "3": {
            "max_overshoot": 0.15888925546877358,
            "rise_time": 1.430511474609375e-06,
            "settling_time": 27.57608985900879,
            "steady_state_error": 0.0002478553245952857,
            "max_velocity_error": 2.512036048775461,
            "rms_position_error": 0.021589251537529525,
            "rms_velocity_error": 0.5401487065327113
        },
        "4": {
            "max_overshoot": 0.05313678891319529,
            "rise_time": 6.079758644104004,
            "settling_time": 26.59252905845642,
            "steady_state_error": 0.002560955598857273,
            "max_velocity_error": 3.0956463833359606,
            "rms_position_error": 0.020247991934261633,
            "rms_velocity_error": 1.4152413627095524
        }
    }
}