{
    "kp": 300.0,
    "kd": 10.0,
    "timestamp": "20250905_215400",
    "metrics": {
        "1": {
            "max_overshoot": 0.009867237826652553,
            "rise_time": 7.152557373046875e-07,
            "settling_time": 7.152557373046875e-07,
            "steady_state_error": 0.00027458488560944057,
            "max_velocity_error": 0.643203471401067,
            "rms_position_error": 0.0024834106566495187,
            "rms_velocity_error": 0.20378958652041557
        },
        "2": {
            "max_overshoot": 0.021083976013511307,
            "rise_time": 6.6177592277526855,
            "settling_time": 7.152557373046875e-07,
            "steady_state_error": 0.008293044775167804,
            "max_velocity_error": 0.9483841555376717,
            "rms_position_error": 0.008092021226774009,
            "rms_velocity_error": 0.24301855364593677
        },
        "3": {
            "max_overshoot": 0.008532439475851875,
            "rise_time": 10.005455017089844,
            "settling_time": 7.152557373046875e-07,
            "steady_state_error": 0.001158916039348571,
            "max_velocity_error": 0.6657029250747829,
            "rms_position_error": 0.002732630229265264,
            "rms_velocity_error": 0.21060405870110743
        },
        "4": {
            "max_overshoot": 0.04687912100003544,
            "rise_time": 6.082377910614014,
            "settling_time": 7.152557373046875e-07,
            "steady_state_error": 0.0012796540004317424,
            "max_velocity_error": 2.7696113544485446,
            "rms_position_error": 0.0083354174181105,
            "rms_velocity_error": 0.584399426508715
        }
    }
}