{
    "kp": 300.0,
    "kd": 10.0,
    "timestamp": "20250905_153723",
    "metrics": {
        "1": {
            "max_overshoot": 0.006519702760647089,
            "rise_time": 7.152557373046875e-07,
            "settling_time": 7.152557373046875e-07,
            "steady_state_error": 0.0007635090031071057,
            "max_velocity_error": 0.6145035989539243,
            "rms_position_error": 0.001722810498455297,
            "rms_velocity_error": 0.1497264504147957
        },
        "2": {
            "max_overshoot": 0.016123128603380887,
            "rise_time": 7.152557373046875e-07,
            "settling_time": 7.152557373046875e-07,
            "steady_state_error": 0.0017910462068574918,
            "max_velocity_error": 1.0607403121074044,
            "rms_position_error": 0.004240838717130772,
            "rms_velocity_error": 0.31933045262129994
        },
        "3": {
            "max_overshoot": 0.0074787610784266545,
            "rise_time": 78.64991736412048,
            "settling_time": 7.152557373046875e-07,
            "steady_state_error": 0.00040023452713200847,
            "max_velocity_error": 0.6707035835362083,
            "rms_position_error": 0.0018218976314097568,
            "rms_velocity_error": 0.14608018811537543
        },
        "4": {
            "max_overshoot": 0.05011186545896543,
            "rise_time": 6.43582820892334,
            "settling_time": 48.551037073135376,
            "steady_state_error": 0.0011480071526213998,
            "max_velocity_error": 3.081954923865402,
            "rms_position_error": 0.013362766145576943,
            "rms_velocity_error": 0.9709112673834149
        }
    }
}