{
    "kp": 300.0,
    "kd": 10.0,
    "timestamp": "20250905_234233",
    "metrics": {
        "1": {
            "max_overshoot": 0.012080488069093384,
            "rise_time": 7.152557373046875e-07,
            "settling_time": 7.152557373046875e-07,
            "steady_state_error": 0.00021791143063784713,
            "max_velocity_error": 0.8879046167953131,
            "rms_position_error": 0.0036588511003610128,
            "rms_velocity_error": 0.28467235594639057
        },
        "2": {
            "max_overshoot": 0.014981083662342354,
            "rise_time": 6.634917497634888,
            "settling_time": 7.152557373046875e-07,
            "steady_state_error": 0.002801218000406498,
            "max_velocity_error": 1.0924238912591933,
            "rms_position_error": 0.004270951681032601,
            "rms_velocity_error": 0.3276630531594098
        },
        "3": {
            "max_overshoot": 0.02013380505848339,
            "rise_time": 7.152557373046875e-07,
            "settling_time": 7.152557373046875e-07,
            "steady_state_error": 0.0011932944033011966,
            "max_velocity_error": 0.8600595101854012,
            "rms_position_error": 0.00408947550048685,
            "rms_velocity_error": 0.29445511951362296
        },
        "4": {
            "max_overshoot": 0.041662469303090366,
            "rise_time": 6.085657119750977,
            "settling_time": 7.152557373046875e-07,
            "steady_state_error": 0.0005495648940559494,
            "max_velocity_error": 2.7096711182823006,
            "rms_position_error": 0.010336822190472165,
            "rms_velocity_error": 0.8098867615111811
        }
    }
}