{
    "kp": 300.0,
    "kd": 50.0,
    "timestamp": "20250910_020301",
    "metrics": {
        "1": {
            "max_overshoot": 0.007641288230331368,
            "rise_time": 7.152557373046875e-07,
            "settling_time": 7.152557373046875e-07,
            "steady_state_error": 0.0006625226590559038,
            "max_velocity_error": 0.5028917647965669,
            "rms_position_error": 0.0015159394728921024,
            "rms_velocity_error": 0.14993665693155311
        },
        "2": {
            "max_overshoot": 0.02148126803836914,
            "rise_time": 6.615396738052368,
            "settling_time": 7.152557373046875e-07,
            "steady_state_error": 0.009053016937868308,
            "max_velocity_error": 0.9996544691105715,
            "rms_position_error": 0.008257200297198519,
            "rms_velocity_error": 0.18352577095709727
        },
        "3": {
            "max_overshoot": 0.016298794571152797,
            "rise_time": 11.710275888442993,
            "settling_time": 7.152557373046875e-07,
            "steady_state_error": 0.00045000369684395193,
            "max_velocity_error": 0.7741206988632001,
            "rms_position_error": 0.0018365997837694512,
            "rms_velocity_error": 0.15223192667992475
        },
        "4": {
            "max_overshoot": 0.047720020629793636,
            "rise_time": 6.08049201965332,
            "settling_time": 7.152557373046875e-07,
            "steady_state_error": 0.0014938044502390557,
            "max_velocity_error": 2.6636837822896684,
            "rms_position_error": 0.0062876685083512575,
            "rms_velocity_error": 0.4099518006357885
        }
    }
}