{
    "kp": 70.0,
    "kd": 1.0,
    "timestamp": "20250823_165102",
    "metrics": {
        "1": {
            "max_overshoot": 0.0013422536705647303,
            "rise_time": NaN,
            "settling_time": 4.76837158203125e-07,
            "steady_state_error": 0.0006174366884602556,
            "max_velocity_error": 0.45722133211260996,
            "rms_position_error": 0.0005784471227400817,
            "rms_velocity_error": 0.13780442249985858
        },
        "2": {
            "max_overshoot": 0.005560765206629625,
            "rise_time": 0.02531266212463379,
            "settling_time": 4.76837158203125e-07,
            "steady_state_error": 0.0012003582825340332,
            "max_velocity_error": 0.4342717631799786,
            "rms_position_error": 0.0009479801664922332,
            "rms_velocity_error": 0.11586583149524993
        },
        "3": {
            "max_overshoot": 0.0021092557680315593,
            "rise_time": 0.37667202949523926,
            "settling_time": 4.76837158203125e-07,
            "steady_state_error": 0.00023010062924040399,
            "max_velocity_error": 0.39545281147478306,
            "rms_position_error": 0.0003153445548765311,
            "rms_velocity_error": 0.12232262593674144
        },
        "4": {
            "max_overshoot": 0.02742032498441027,
            "rise_time": 0.05090761184692383,
            "settling_time": 4.76837158203125e-07,
            "steady_state_error": 0.0009510826008577489,
            "max_velocity_error": 0.8050049591821136,
            "rms_position_error": 0.002174781799862388,
            "rms_velocity_error": 0.09873291549880092
        }
    }
}