{
    "kp": 70.0,
    "kd": 1.0,
    "timestamp": "20250827_101759",
    "metrics": {
        "1": {
            "max_overshoot": 0.022754021302403657,
            "rise_time": 9.02928900718689,
            "settling_time": 9.5367431640625e-07,
            "steady_state_error": 0.0008197898604485892,
            "max_velocity_error": 0.9132886028894868,
            "rms_position_error": 0.0036850544219549095,
            "rms_velocity_error": 0.20719795873284308
        },
        "2": {
            "max_overshoot": 0.02317081092296397,
            "rise_time": 6.661177158355713,
            "settling_time": 9.5367431640625e-07,
            "steady_state_error": 0.008125046460635886,
            "max_velocity_error": 1.0563708515507422,
            "rms_position_error": 0.007380477594778698,
            "rms_velocity_error": 0.23755301073415455
        },
        "3": {
            "max_overshoot": 0.015665344217387273,
            "rise_time": 9.02928900718689,
            "settling_time": 9.5367431640625e-07,
            "steady_state_error": 0.0008662855910758066,
            "max_velocity_error": 1.1389109141584757,
            "rms_position_error": 0.0033112197928169707,
            "rms_velocity_error": 0.2116640936421066
        },
        "4": {
            "max_overshoot": 0.05906215646791679,
            "rise_time": 6.119509696960449,
            "settling_time": 5.882711172103882,
            "steady_state_error": 0.000295574814126871,
            "max_velocity_error": 2.5387949078114778,
            "rms_position_error": 0.010952560584277883,
            "rms_velocity_error": 0.6085023149233165
        }
    }
}