{
    "kp": 70.0,
    "kd": 1.0,
    "timestamp": "20250830_144749",
    "metrics": {
        "1": {
            "max_overshoot": 0.02509043995610133,
            "rise_time": 12.036308288574219,
            "settling_time": 7.152557373046875e-07,
            "steady_state_error": 0.0025337950600231064,
            "max_velocity_error": 1.1069819064729547,
            "rms_position_error": 0.004770134667687796,
            "rms_velocity_error": 0.19916957992195058
        },
        "2": {
            "max_overshoot": 0.03658219549435904,
            "rise_time": 7.152557373046875e-07,
            "settling_time": 7.152557373046875e-07,
            "steady_state_error": 0.009154426205925653,
            "max_velocity_error": 0.863026543080424,
            "rms_position_error": 0.014444863498353833,
            "rms_velocity_error": 0.21931400647788585
        },
        "3": {
            "max_overshoot": 0.022927708180230905,
            "rise_time": 12.032873153686523,
            "settling_time": 7.152557373046875e-07,
            "steady_state_error": 0.0017883792294677637,
            "max_velocity_error": 0.9975212075652291,
            "rms_position_error": 0.004842710458641799,
            "rms_velocity_error": 0.1885988768113592
        },
        "4": {
            "max_overshoot": 0.08647485005957978,
            "rise_time": 7.152557373046875e-07,
            "settling_time": 16.58440399169922,
            "steady_state_error": 0.023643871061973395,
            "max_velocity_error": 3.069743845738823,
            "rms_position_error": 0.02663777540697494,
            "rms_velocity_error": 0.82131411352072
        }
    }
}