{
    "kp": 300.0,
    "kd": 10.0,
    "timestamp": "20250905_232919",
    "metrics": {
        "1": {
            "max_overshoot": 0.005895669130366564,
            "rise_time": 4.76837158203125e-07,
            "settling_time": 4.76837158203125e-07,
            "steady_state_error": 0.00041835805924623327,
            "max_velocity_error": 0.6821763578733862,
            "rms_position_error": 0.0015611197118378685,
            "rms_velocity_error": 0.15013027753769848
        },
        "2": {
            "max_overshoot": 0.015047419272248258,
            "rise_time": 4.76837158203125e-07,
            "settling_time": 4.76837158203125e-07,
            "steady_state_error": 0.0010202090989033551,
            "max_velocity_error": 1.0875082132091738,
            "rms_position_error": 0.004205540528373239,
            "rms_velocity_error": 0.32150588104343675
        },
        "3": {
            "max_overshoot": 0.007266864333527356,
            "rise_time": 78.65784478187561,
            "settling_time": 4.76837158203125e-07,
            "steady_state_error": 0.00011736464322678941,
            "max_velocity_error": 0.6844571165373197,
            "rms_position_error": 0.0018371418188029918,
            "rms_velocity_error": 0.14429931835706825
        },
        "4": {
            "max_overshoot": 0.04816395905513193,
            "rise_time": 6.438390016555786,
            "settling_time": 4.76837158203125e-07,
            "steady_state_error": 0.0008565463555833297,
            "max_velocity_error": 2.90338660841664,
            "rms_position_error": 0.013275763473278399,
            "rms_velocity_error": 0.9773398785066909
        }
    }
}