{
    "kp": 300.0,
    "kd": 10.0,
    "timestamp": "20250905_214224",
    "metrics": {
        "1": {
            "max_overshoot": 0.004133408638916591,
            "rise_time": 9.5367431640625e-07,
            "settling_time": 9.5367431640625e-07,
            "steady_state_error": 0.00044532850214613174,
            "max_velocity_error": 0.474067503361963,
            "rms_position_error": 0.0010335156079676582,
            "rms_velocity_error": 0.11872287794391231
        },
        "2": {
            "max_overshoot": 0.018274926112375217,
            "rise_time": 9.5367431640625e-07,
            "settling_time": 9.5367431640625e-07,
            "steady_state_error": 0.002033238691412593,
            "max_velocity_error": 0.9538562921031035,
            "rms_position_error": 0.008144460457887626,
            "rms_velocity_error": 0.23402358551189342
        },
        "3": {
            "max_overshoot": 0.009012274645225915,
            "rise_time": 114.45718169212341,
            "settling_time": 9.5367431640625e-07,
            "steady_state_error": 0.0015966453154301786,
            "max_velocity_error": 0.5383951534432819,
            "rms_position_error": 0.0018509154659085269,
            "rms_velocity_error": 0.11572432141530317
        },
        "4": {
            "max_overshoot": 0.04410180556401255,
            "rise_time": 6.429533958435059,
            "settling_time": 9.5367431640625e-07,
            "steady_state_error": 0.00538532995511547,
            "max_velocity_error": 2.7323357963215384,
            "rms_position_error": 0.01012678815201111,
            "rms_velocity_error": 0.6802024164101061
        }
    }
}