{
    "kp": 300.0,
    "kd": 10.0,
    "timestamp": "20250903_021259",
    "metrics": {
        "1": {
            "max_overshoot": 0.045061373226129575,
            "rise_time": 0.0361332893371582,
            "settling_time": 1.430511474609375e-06,
            "steady_state_error": 0.0005430235417662916,
            "max_velocity_error": 2.406958113984892,
            "rms_position_error": 0.005103304173865319,
            "rms_velocity_error": 0.3021453128542478
        },
        "2": {
            "max_overshoot": 0.05848390993178576,
            "rise_time": 1.430511474609375e-06,
            "settling_time": 0.006426334381103516,
            "steady_state_error": 0.005875534585686539,
            "max_velocity_error": 2.2714579995422284,
            "rms_position_error": 0.008657747546411427,
            "rms_velocity_error": 0.3309274154516995
        },
        "3": {
            "max_overshoot": 0.05694990573685388,
            "rise_time": 1.430511474609375e-06,
            "settling_time": 0.012238740921020508,
            "steady_state_error": 0.00041549027705858275,
            "max_velocity_error": 2.134370946822308,
            "rms_position_error": 0.0046032227290965615,
            "rms_velocity_error": 0.28647906976601656
        },
        "4": {
            "max_overshoot": 0.3438086901891495,
            "rise_time": 5.736910343170166,
            "settling_time": 10.560885667800903,
            "steady_state_error": 0.004825286986868846,
            "max_velocity_error": 9.224322880903337,
            "rms_position_error": 0.02150977125947674,
            "rms_velocity_error": 1.0787059653679916
        }
    }
}