{
    "kp": 70.0,
    "kd": 1.0,
    "timestamp": "20250609_194037",
    "metrics": {
        "1": {
            "max_overshoot": 0.02497812461727969,
            "rise_time": 0.03901171684265137,
            "settling_time": 4.76837158203125e-07,
            "steady_state_error": 0.0009624744539288429,
            "max_velocity_error": 1.1004196231021552,
            "rms_position_error": 0.0042069905328129265,
            "rms_velocity_error": 0.11528142275596866
        },
        "2": {
            "max_overshoot": 0.03240583861794022,
            "rise_time": 4.76837158203125e-07,
            "settling_time": 4.76837158203125e-07,
            "steady_state_error": 0.0024981356319711255,
            "max_velocity_error": 2.171969176775768,
            "rms_position_error": 0.005633038943685899,
            "rms_velocity_error": 0.1957412625064174
        },
        "3": {
            "max_overshoot": 0.021485890542552788,
            "rise_time": 6.5111401081085205,
            "settling_time": 4.76837158203125e-07,
            "steady_state_error": 0.0005339508158202973,
            "max_velocity_error": 0.5001907377737069,
            "rms_position_error": 0.0030740866780913623,
            "rms_velocity_error": 0.09888412973026484
        },
        "4": {
            "max_overshoot": 0.0709281019239274,
            "rise_time": 0.006368875503540039,
            "settling_time": 8.622097969055176,
            "steady_state_error": 0.007605748069579865,
            "max_velocity_error": 1.1877012283512585,
            "rms_position_error": 0.015828673847745185,
            "rms_velocity_error": 0.17045823923787026
        }
    }
}