{
    "kp": 300.0,
    "kd": 10.0,
    "timestamp": "20250905_222413",
    "metrics": {
        "1": {
            "max_overshoot": 0.004608796516595959,
            "rise_time": 9.5367431640625e-07,
            "settling_time": 9.5367431640625e-07,
            "steady_state_error": 0.0004606685440954328,
            "max_velocity_error": 0.4879196358228808,
            "rms_position_error": 0.0010655032034064427,
            "rms_velocity_error": 0.11975703904460364
        },
        "2": {
            "max_overshoot": 0.024113194094499163,
            "rise_time": 9.5367431640625e-07,
            "settling_time": 9.5367431640625e-07,
            "steady_state_error": 0.004671725906695874,
            "max_velocity_error": 0.8454866713313791,
            "rms_position_error": 0.013919481270754425,
            "rms_velocity_error": 0.2302427237778874
        },
        "3": {
            "max_overshoot": 0.1540965227075477,
            "rise_time": 114.4335606098175,
            "settling_time": 119.32248616218567,
            "steady_state_error": 0.003525655590557326,
            "max_velocity_error": 0.6465552758068185,
            "rms_position_error": 0.014577155040067142,
            "rms_velocity_error": 0.11836810883853786
        },
        "4": {
            "max_overshoot": 0.05772125077495904,
            "rise_time": 6.425938606262207,
            "settling_time": 50.37946319580078,
            "steady_state_error": 0.009910642330164698,
            "max_velocity_error": 3.088629817880529,
            "rms_position_error": 0.012415076893270621,
            "rms_velocity_error": 0.6783947418678344
        }
    }
}