{
    "kp": 70.0,
    "kd": 1.0,
    "timestamp": "20250830_145818",
    "metrics": {
        "1": {
            "max_overshoot": 0.018492803399214996,
            "rise_time": 7.367958307266235,
            "settling_time": 7.152557373046875e-07,
            "steady_state_error": 0.00264914209998444,
            "max_velocity_error": 0.7682893615584659,
            "rms_position_error": 0.0037475378521881625,
            "rms_velocity_error": 0.158878952008721
        },
        "2": {
            "max_overshoot": 0.031715513118295124,
            "rise_time": 6.7117555141448975,
            "settling_time": 7.152557373046875e-07,
            "steady_state_error": 0.013458418512309143,
            "max_velocity_error": 1.0112326654829735,
            "rms_position_error": 0.01483552679980993,
            "rms_velocity_error": 0.16469752170881582
        },
        "3": {
            "max_overshoot": 0.013716079532366504,
            "rise_time": 0.042446136474609375,
            "settling_time": 7.152557373046875e-07,
            "steady_state_error": 0.0002678656427245089,
            "max_velocity_error": 0.7015944012601607,
            "rms_position_error": 0.004291319034498012,
            "rms_velocity_error": 0.1517761042326746
        },
        "4": {
            "max_overshoot": 0.057708611644196495,
            "rise_time": 6.238559246063232,
            "settling_time": 10.284322261810303,
            "steady_state_error": 0.011508522650906752,
            "max_velocity_error": 3.194023589244132,
            "rms_position_error": 0.016517581933779116,
            "rms_velocity_error": 0.6249842015194639
        }
    }
}