{
    "kp": 300.0,
    "kd": 10.0,
    "timestamp": "20250905_221540",
    "metrics": {
        "1": {
            "max_overshoot": 0.01004811563263272,
            "rise_time": 105.02290463447571,
            "settling_time": 7.152557373046875e-07,
            "steady_state_error": 0.0007223462878329778,
            "max_velocity_error": 0.6972665003924055,
            "rms_position_error": 0.0024479450870743082,
            "rms_velocity_error": 0.18069168514669734
        },
        "2": {
            "max_overshoot": 0.028135072939803052,
            "rise_time": 7.152557373046875e-07,
            "settling_time": 7.152557373046875e-07,
            "steady_state_error": 0.010544984099572954,
            "max_velocity_error": 1.392602632144767,
            "rms_position_error": 0.013381836330748137,
            "rms_velocity_error": 0.32605515875293284
        },
        "3": {
            "max_overshoot": 0.23847111828465573,
            "rise_time": 5.579583168029785,
            "settling_time": 123.07210421562195,
            "steady_state_error": 0.0008188767537855951,
            "max_velocity_error": 1.3791416757950588,
            "rms_position_error": 0.036820936024103086,
            "rms_velocity_error": 0.22328074214846955
        },
        "4": {
            "max_overshoot": 0.24563242171349664,
            "rise_time": 6.121023654937744,
            "settling_time": 0.04196047782897949,
            "steady_state_error": 0.012530147961631863,
            "max_velocity_error": 6.6085603112840445,
            "rms_position_error": 0.010884474664902005,
            "rms_velocity_error": 0.5705730419309278
        }
    }
}