{
    "kp": 300.0,
    "kd": 50.0,
    "timestamp": "20250910_015858",
    "metrics": {
        "1": {
            "max_overshoot": 0.057490674802250674,
            "rise_time": 6.539474248886108,
            "settling_time": 26.782428979873657,
            "steady_state_error": 0.0007009836379513334,
            "max_velocity_error": 3.500990419255258,
            "rms_position_error": 0.01249024814128297,
            "rms_velocity_error": 0.8072022988375898
        },
        "2": {
            "max_overshoot": 0.062194359160826884,
            "rise_time": 7.152557373046875e-07,
            "settling_time": 25.43244218826294,
            "steady_state_error": 0.004161056824063749,
            "max_velocity_error": 3.217973847335406,
            "rms_position_error": 0.017128469465849634,
            "rms_velocity_error": 0.9386903636163957
        },
        "3": {
            "max_overshoot": 0.3767897803801894,
            "rise_time": 7.152557373046875e-07,
            "settling_time": 27.39903211593628,
            "steady_state_error": 0.0008667123701363977,
            "max_velocity_error": 3.377798123140302,
            "rms_position_error": 0.10053818133303523,
            "rms_velocity_error": 0.8452725514692132
        },
        "4": {
            "max_overshoot": 0.18768827480673678,
            "rise_time": 6.434277772903442,
            "settling_time": 26.451361179351807,
            "steady_state_error": 0.004600410958277071,
            "max_velocity_error": 10.657552234905754,
            "rms_position_error": 0.04879263957616907,
            "rms_velocity_error": 3.166501481161851
        }
    }
}